"sha256","bytes","path"
"dcf5502440d891b29ea7255272e80d1a1bbf7602ce8e03e97d22c9ea7b775e57","997","calibration_partial/config/baseline_pass_weights.json"
"dcf5502440d891b29ea7255272e80d1a1bbf7602ce8e03e97d22c9ea7b775e57","997","calibration_partial/config/default_balanced.json"
"d3c6a203df97ffab49fd4d5ca268d6e303cdbaa055a8cd339c0446c606a958f7","994","calibration_partial/config/optimized_pass_weights.json"
"da69ac3bbae05e22d7bdb35e36b472eb9d0ca97f9ac260814a194612d39fdd8a","1227","calibration_partial/config/refit_pass_weights.json"
"81914309081c8957126ada3b862dcf3ca79c5a4fc45bce19eff7979d84aca415","916","calibration_partial/tables/table_ablation.csv"
"522568fa9c47e7352eb40b0cf0caa484b0267005c9200eb041b0fa336568669c","313","calibration_partial/tables/table_default_vs_optimized.csv"
"d33d97f84c5fbc738384d54734bd2645451235fccecff86567ddbb27003800d9","507","calibration_partial/tables/table_pass_metric_baseline.csv"
"cd49da30a1dfea44aff4ad626b3a798cf03d052dd7f5787d7d77d0c85f6a99b2","575","calibration_partial/tables/table_pass_weight_refit.csv"
"399b552de73d31a5467669c6e271e977c9b1e0fb1dd9766b7ced37c16655e93e","2602","calibration_partial/tables/table_random_sampling.csv"
"3a75a95f65a8b0a7a0426bedf0b3eae3907731797598f212307b10cf3d6d8847","1157","calibration_partial/tables/table_sensitivity.csv"
"913ec3a3f8f808f3416f28414df6bc79fe889c1a4b0c5761bbd49b9486536f7e","269","calibration_partial/tables/table_transfer.csv"
"1c35e815bcabda19b8e9bc3e30782946b128e8f428ae09504c55025a5f05db45","3674","CODE_PAPER_CORRESPONDENCE.md"
"6d08cb71c806ec7cb44ead6adf73c0bfa1e32c53d84dc0f6ef58f03075e9bc5d","2865","formal_evaluation/index.json"
"8f94ee3880b6786d2cced9d4f783770b019c2c9a8b431bbf266131bef04cf7f0","1015","formal_evaluation/llama/config/baseline_pass_weights.json"
"7ed750edf7e5b4d684cb9fdc27eedd3c3546135166aa81316add7be1e97fdf0b","1564","formal_evaluation/llama/config/baselines_experiment.json"
"55ee4eaa289376ecedeb2bfc98102e3628e12db4b286d0f27134e99040a018f8","1998","formal_evaluation/llama/config/baselines_paths.local.json"
"3e82a2081f41b7e0322cd4f9618aed1fcde98cb12b9abacf878828db63196508","1602","formal_evaluation/llama/config/ollvm_full_experiment.json"
"55ee4eaa289376ecedeb2bfc98102e3628e12db4b286d0f27134e99040a018f8","1998","formal_evaluation/llama/config/ollvm_full_paths.local.json"
"1fccad540bec81f0ca5be101fff7cf2983d14fe218ab7bd0d709ae9417289a19","1897","formal_evaluation/llama/config/optimized_experiment.json"
"8b23633cef3c2fbdae7e14d8d774e5d7f684ef7aa487aa6dcd5da8c9db340cf4","1148","formal_evaluation/llama/config/optimized_pass_weights.json"
"55ee4eaa289376ecedeb2bfc98102e3628e12db4b286d0f27134e99040a018f8","1998","formal_evaluation/llama/config/optimized_paths.local.json"
"7a631bfb90515575d7a8e10f1f3f582bd7e030cde2e819b252bb7c4a54a0b66a","12235","formal_evaluation/llama/config/run_formal_llama.py"
"d6a81b8f423136ed0388d85a4b264564892c4e0f324a38a9e50374fe3f5c02d4","380","formal_evaluation/llama/manifests/baselines_run_manifest.json"
"a7124bc633c9899773fa3fcf8e5f958c13547f4a872d4afd9b45c89736e38c3c","793","formal_evaluation/llama/manifests/ollvm_full_timeout_run_manifest.json"
"38f3c301a46072c9d37ceb23b9c7d9636ee0ee7bb3f9d128aeb860860910c230","378","formal_evaluation/llama/manifests/optimized_run_manifest.json"
"282b99ef1a6d97df41b391b3fa04a04bd1e50e464594c28263323be1e8005f02","13920","formal_evaluation/llama/raw/baselines_llama_bench_repetitions.csv"
"63c71c61c222f55945686edd4d81b4715006e93a30ceb08ad39cfad14aa78e1e","102","formal_evaluation/llama/raw/ollvm_full_llama_bench_repetitions.csv"
"3097340e3503e570ae2058dd43416a4524e81f85a6a96e71f840c696b59c681e","5077","formal_evaluation/llama/raw/optimized_llama_bench_repetitions.csv"
"aafd1996d9b345bd3a4dd9c20b021e04bc4af48532bab6dd712a54bc6ebaf15b","758","formal_evaluation/llama/tables/baselines_binaries.csv"
"e9cfd70372b91f084fa7a414168a6b220d9dea63042cf87bd25c1428504ecf41","633","formal_evaluation/llama/tables/baselines_builds.csv"
"6cf52589a1efd0f13dc7d77ccf2e70efb05c41aa70d0b653c752583e4e0c8481","442","formal_evaluation/llama/tables/baselines_summary.csv"
"0d1ba7b2efe799179e7ba5759d4fc554f0ee867e92ad7859912068709ca4a006","340","formal_evaluation/llama/tables/ollvm_full_timeout_builds.csv"
"dfd64b90f55f0ae382ede9874afc82b977c8851e370e682d230904102871d7f3","174","formal_evaluation/llama/tables/ollvm_full_timeout_summary.csv"
"e3b485f5590743c2ab92a00db84991875e1007c49914fa81b12aac15947964d8","290","formal_evaluation/llama/tables/optimized_binaries.csv"
"1643f1001e2c52a2a3d6385f9bd83141c843d7a0b24f85b5e3d0317936d8d467","357","formal_evaluation/llama/tables/optimized_builds.csv"
"a660383869acc4d7f9f0085f4dd54996ee51530fff6dc8219ccf2ad90b85b7ad","238","formal_evaluation/llama/tables/optimized_summary.csv"
"8f94ee3880b6786d2cced9d4f783770b019c2c9a8b431bbf266131bef04cf7f0","1015","formal_evaluation/llvm-test-suite/config/baseline_pass_weights.json"
"32d895a51a73f896622fb86a53f8b6c16a8dd83b9f9ba49f4c86cf16794d6e7e","3943","formal_evaluation/llvm-test-suite/config/benchmark_split.json"
"21ba35076482e633c43d1f20082566edd33ee68dbb638a5b70c8c37a9ffb3c1d","4636","formal_evaluation/llvm-test-suite/config/build_experiment_config.json"
"94e6f2097976a5d398ce7b567ddcc46e832af0a56265dc33926933f0fcb41ac5","7480","formal_evaluation/llvm-test-suite/config/CollectDecompilationMetrics.java"
"5d2f35b150a6ddbf75d709f7f635f91485254b1d78325326b36b7800654f1817","4399","formal_evaluation/llvm-test-suite/config/compiler_variants.json"
"c564c5caaef89c8fbd996b90f9e004cba518f8f80021ec2426c141278bd8ec56","1798","formal_evaluation/llvm-test-suite/config/experiment.json"
"e64d5fc1624c00acc3456fbd4aec4bc24bc997a4877df72c132051a2af88eec0","3277","formal_evaluation/llvm-test-suite/config/ghidra_calibration.json"
"169b49238e72087f3c2e88592491e6634d754bdea8592f9bd9af616734f524eb","1156","formal_evaluation/llvm-test-suite/config/ghidra_experiment.json"
"21ba35076482e633c43d1f20082566edd33ee68dbb638a5b70c8c37a9ffb3c1d","4636","formal_evaluation/llvm-test-suite/config/ghidra_experiment_config.json"
"8b23633cef3c2fbdae7e14d8d774e5d7f684ef7aa487aa6dcd5da8c9db340cf4","1148","formal_evaluation/llvm-test-suite/config/optimized_pass_weights.json"
"55ee4eaa289376ecedeb2bfc98102e3628e12db4b286d0f27134e99040a018f8","1998","formal_evaluation/llvm-test-suite/config/paths.local.json"
"93aaf69de533873bf6a3cdf104fac703a2cb95f03a6d692137cc3a4f597e7396","11843","formal_evaluation/llvm-test-suite/config/run_formal_testsuite_build.py"
"20a3b67dd063e5d6156e40c2d8536bb9b698e8da37b8adfe0ed70d85c06d04a6","7981","formal_evaluation/llvm-test-suite/config/run_formal_testsuite_ghidra.py"
"0b036565a894bf9e2f9d28b7a90089a09ba9a46b4b151124034a9fbe077fe0b4","8520","formal_evaluation/llvm-test-suite/config/run_testsuite_ollvm_supported.py"
"8c2777c64b8583605d5fcc261b1a50bf87157c283d69ec6a5dd3bbf30939d978","3596","formal_evaluation/llvm-test-suite/manifests/build_manifest_gcc_validation.json"
"cd5b0dcf4ffa569e56491f3229400cdc3978687736dba0fd093431ffcd6469ec","3736","formal_evaluation/llvm-test-suite/manifests/build_manifest_llvm_validation.json"
"4c6209defe69ba2c5e73fdba1829764fb7afbcd07eedb7de9dea87c6690678d1","4716","formal_evaluation/llvm-test-suite/manifests/build_manifest_mixcompile_validation.json"
"a918b82a306406f01af771101815e9d58c275f4bd9118ecaf6102f7fdc457d97","4733","formal_evaluation/llvm-test-suite/manifests/build_manifest_mixcompile-optimized_validation.json"
"cab5abee720920f7d90a0e0759880a56e98bda2190d99976b5e1a31bc8c65594","4382","formal_evaluation/llvm-test-suite/manifests/build_manifest_ollvm-full_validation.json"
"502ee75fd116944aa79353db0cf17f87ac2f2b57f426af6fd03e4128e133d32c","13448","formal_evaluation/llvm-test-suite/manifests/correctness_manifest_gcc_validation.json"
"b95a96cefe12be135b805d56a83d5e7412ffac02831166c4fc2d7728eb2ecc7a","13516","formal_evaluation/llvm-test-suite/manifests/correctness_manifest_llvm_validation.json"
"590c179db255b1f78ef7eb259e2aafd32157038d3b779274b51e70606eab3ca5","13792","formal_evaluation/llvm-test-suite/manifests/correctness_manifest_mixcompile_validation.json"
"c8334842e85311b5a03df5d17e218be0fe5cb8c813fc383a2784159bc68c3dfb","13878","formal_evaluation/llvm-test-suite/manifests/correctness_manifest_mixcompile-optimized_validation.json"
"86cce1d6ba9a27dfc3637e4a8680958b50a8fc3a889d4df45358b3873d86cd47","383","formal_evaluation/llvm-test-suite/manifests/ghidra_run_manifest.json"
"e2af427823f4b4ecec30dd662cd280b16e81a1704447d7efdb99e7ebef128f05","90718","formal_evaluation/llvm-test-suite/manifests/lit_results_gcc_validation.json"
"1880ad775cffb9f82dac2d042de4f5a8c6d39135894277b7e01283d44eb5341f","90951","formal_evaluation/llvm-test-suite/manifests/lit_results_llvm_validation.json"
"ec040e4ace251fb414fa0fcf6f3cba8c79138fb28617c0efec0110561ad87de0","91951","formal_evaluation/llvm-test-suite/manifests/lit_results_mixcompile_validation.json"
"1a8af5f07a8bacdf240294ea101386d81fa93069af37c6e34a22db90ee4caafb","92235","formal_evaluation/llvm-test-suite/manifests/lit_results_mixcompile-optimized_validation.json"
"bb8521b939e2a6f17828a877c9bd0889f340ab8f5655e4684a12efe5c11b374a","3366","formal_evaluation/llvm-test-suite/manifests/lit_results_ollvm-full_fhourstones.json"
"0d7c36b42fe5e52503719bf6767652a046bc8333074f47b48b15e1c745f7b507","91000","formal_evaluation/llvm-test-suite/manifests/lit_results_ollvm-full_supported30.json"
"5c43985dd86c63fb2a5b0536099f18abee5c0e9e0ee67b664edc8efce2384a37","1136","formal_evaluation/llvm-test-suite/manifests/static_radiff_run_manifest.json"
"674ad9e993e4dec804977b8fdb3f3cd20400ebbc4bd28ac9fe1e9d21477f17f7","6773","formal_evaluation/llvm-test-suite/raw/ghidra_input_binary_manifest.csv"
"012612a75cb447e52536416443272c792ed4fab2955238c6eabfcf181a215e41","132241","formal_evaluation/llvm-test-suite/raw/ghidra_runs.csv"
"0a6c7d1baef6aef2a474a5c352e3748f9789b0a037acf701c5b8e3f72947aa0d","31149","formal_evaluation/llvm-test-suite/raw/ghidra_schedule.json"
"a9fdd097adca8409d41eac2356c26566d4ab7ae83c3e9754aa5f710e85ebaa84","11604","formal_evaluation/llvm-test-suite/raw/ollvm_static_per_sample.csv"
"0fe8af2f2d7f7f3e69cd8c69370dfd0ec9f75d0901e4063939558096cce61bad","190631","formal_evaluation/llvm-test-suite/raw/radiff2_pairs.csv"
"64553b6e516cfe2134751fc7a30c0bb7394598ef98d39fde1b6d2c46ddbc9eea","44826","formal_evaluation/llvm-test-suite/raw/static_per_sample.csv"
"bc594e541df6170833691217729880264f412ddb7f436862ce0d4bd42f5df69d","4154","formal_evaluation/llvm-test-suite/tables/builds.csv"
"3911a4321824ccf445643c868731960175d02ba32b9e2d30d9ab5d53e813f7c7","24365","formal_evaluation/llvm-test-suite/tables/correctness.csv"
"2bbcd817db192dc810f874b255a4bed120d7183ccb9ce3f904e87a20e85a04a2","1612","formal_evaluation/llvm-test-suite/tables/ghidra_by_sample.csv"
"51dde1c8baf5fe8ab2779a1988e5f00b6280bd003189a8795081c85168c30b41","1069","formal_evaluation/llvm-test-suite/tables/ghidra_ratios.csv"
"bb6c829321d54a7d781e5f84f7f11cb6e5b96b7c6e9ee0c1798fc2bc902bb3b2","3578","formal_evaluation/llvm-test-suite/tables/ollvm_correctness.csv"
"abec683cf3e91d6885af48288473d6bb0df6ff4b15ea833e5535b6273a883a01","195","formal_evaluation/llvm-test-suite/tables/ollvm_supported30_build.csv"
"44261f64e720804eea6303713576d0b07a6a120858056d5f371958b1b29ad40f","537","formal_evaluation/llvm-test-suite/tables/radiff2_summary.csv"
"8f94ee3880b6786d2cced9d4f783770b019c2c9a8b431bbf266131bef04cf7f0","1015","formal_evaluation/openssl/config/baseline_pass_weights.json"
"0cb3b217e45e3f1a6475a7cfa08c0036b895ef8a64e78d3eb993621d685b9f5f","1714","formal_evaluation/openssl/config/experiment.json"
"8b23633cef3c2fbdae7e14d8d774e5d7f684ef7aa487aa6dcd5da8c9db340cf4","1148","formal_evaluation/openssl/config/optimized_pass_weights.json"
"55ee4eaa289376ecedeb2bfc98102e3628e12db4b286d0f27134e99040a018f8","1998","formal_evaluation/openssl/config/paths.local.json"
"8dceb4d82e41d408a8e41697aab91e7971acd2a3f065af1f85868f7b6c761b7e","7096","formal_evaluation/openssl/config/run_formal_openssl.py"
"016e77bea55a8756754af9e184304b6f062f30fffef83bb4f70ecbeab33fe377","302","formal_evaluation/openssl/manifests/run_manifest.json"
"8136932d3556b1ea76fe9b9fdc6c52c37fe5b8b1354db30839d461a3ce3dac18","144380","formal_evaluation/openssl/raw/speed_repetitions.csv"
"0d4a26cc63427f30c0fe11db2939ccbdab79003606d780cb624aa07146ecadcf","878","formal_evaluation/openssl/tables/builds.csv"
"567a3a15b86ca5c19152842a1ee0be054951809be38ff08e99da43f28a9bc011","4012","formal_evaluation/openssl/tables/summary.csv"
"449129e09c0ecb5e45f0093cc72f97da37a4e958de078d0108e779b6d84abcb0","5173","formal_evaluation/README.md"
"9f1479fa491caf6e7747c867655518d117b4e5371df3445cd403a559284d3155","4712","MISSING_OR_UNVERIFIED.md"
"d1ccd805e3aa4fb8f0257566288a8954a718191349b671e999a6a25ab1d218df","4752","PAPER_DATA_SOURCES.md"
"22b92221a38ac86ec2b8c78f1c56158766dbf49ca9fdf51a09358e3cd9dc80b5","319","paper_extracted/correctness_validation_summary.csv"
"427e9d92f0fd04043e8b8378403ccedfc101b87845efc7900c9cfae40ca21ead","828","paper_extracted/ghidra_formal_medians_and_ratios.csv"
"b6677e5352f2e96d76c77d597911cfa2d8bc6dfc01906cdc58caf95bf83b846a","703","paper_extracted/llama_arithmetic_means.csv"
"e0070747c81b382c3655bd4fca32e59c4127c38ad1d2992be0e0fcea9c2d02c0","323","paper_extracted/ollvm_full_correctness_status.csv"
"7644d66b5077262b97e1c9b818a5477c4b2e718038e613a0b9560bed8ae3edd7","1365","paper_extracted/openssl_arithmetic_means_16384.csv"
"3d52b2769ccf94640a9d11bdf31e26a92c8a30c38650cd376a55f13eb6e59ea1","7522","paper_extracted/openssl_arithmetic_means_all_blocks.csv"
"a50f5239a8724c7f753ebf026ee63e1aedd59844fc5e47118ea2546c7c2d2fdf","451","paper_extracted/openssl_optimized_vs_llvm_ranges.csv"
"bf26191b0bfdb49ebaaf26a4accf27ba643dae46fed896a72bea35fa3c4bb320","1032","paper_extracted/optimized_pass_base_vectors.csv"
"bd0df82fd348ad72449fff0ed0772dc7e95396208c27cc1112a9d271591acbaf","811","paper_extracted/radiff2_formal_medians.csv"
"cdb89dad09dc990cedeacc28c1833abe4080ac4376db945de7bae2982689a815","2240","README.md"
